{"accuracy": [0.5202085971832275, 0.7996523380279541, 0.8596262335777283, 0.8817905187606812, 0.9117774963378906, 0.8952629566192627, 0.9252498745918274, 0.9308996200561523, 0.9421990513801575, 0.9482833743095398, 0.941329836845398, 0.95393306016922, 0.9452412128448486, 0.9504563212394714, 0.9591481685638428, 0.9578444361686707, 0.9600173830986023, 0.9608865976333618, 0.9604519605636597, 0.9639286994934082], "loss": [1.5252107381820679, 0.7389104962348938, 0.5356606841087341, 0.42590200901031494, 0.35135194659233093, 0.31904610991477966, 0.2602517604827881, 0.24828602373600006, 0.2048519104719162, 0.18679918348789215, 0.18588712811470032, 0.16200605034828186, 0.1696576476097107, 0.15522277355194092, 0.13221561908721924, 0.13628870248794556, 0.12953801453113556, 0.1274218112230301, 0.12377836555242538, 0.10981451719999313], "val_accuracy": [0.6351219415664673, 0.6800000071525574, 0.6878048777580261, 0.6946341395378113, 0.6946341395378113, 0.6995121836662292, 0.7092682719230652, 0.707317054271698, 0.7063414454460144, 0.707317054271698, 0.7082926630973816, 0.7014634013175964, 0.7034146189689636, 0.7004877924919128, 0.7004877924919128, 0.7082926630973816, 0.707317054271698, 0.7034146189689636, 0.6975609660148621, 0.6995121836662292], "val_loss": [1.4118292331695557, 1.5339373350143433, 1.6050920486450195, 1.6972533464431763, 1.746761441230774, 1.8424464464187622, 1.8448115587234497, 1.958196759223938, 1.859240174293518, 1.9676445722579956, 2.1352250576019287, 2.210993766784668, 2.265045166015625, 2.32151460647583, 2.31550931930542, 2.3975703716278076, 2.3611347675323486, 2.428408145904541, 2.5505425930023193, 2.575746536254883]}